ticker,nombre,sector_gics,exchange,en_screener_nasdaq,capitalizacion_usd,en_alphavantage,mes_alphavantage,en_nasdaq_earnings_cache90d,diagnostico
AOS,A. O. Smith,Industrials,NYSE,True,8271395753.0,False,,False,"En screener con cap. suficiente, pero AUSENTE de Alpha Vantage Y de Nasdaq earnings (fuente)"
ABBV,AbbVie,Health Care,NYSE,True,457542007432.0,False,,False,"En screener con cap. suficiente, pero AUSENTE de Alpha Vantage Y de Nasdaq earnings (fuente)"
AMD,Advanced Micro Devices,Information Technology,NASDAQ,True,790754585594.0,False,,False,"En screener con cap. suficiente, pero AUSENTE de Alpha Vantage Y de Nasdaq earnings (fuente)"
AES,AES Corporation,Utilities,NYSE,True,10516085406.0,False,,False,"En screener con cap. suficiente, pero AUSENTE de Alpha Vantage Y de Nasdaq earnings (fuente)"
AFL,Aflac,Financials,NYSE,True,61028519666.0,False,,False,"En screener con cap. suficiente, pero AUSENTE de Alpha Vantage Y de Nasdaq earnings (fuente)"
APD,Air Products,Materials,NYSE,True,67524933262.0,False,,False,"En screener con cap. suficiente, pero AUSENTE de Alpha Vantage Y de Nasdaq earnings (fuente)"
ABNB,Airbnb,Consumer Discretionary,NASDAQ,True,109727476227.0,False,,False,"En screener con cap. suficiente, pero AUSENTE de Alpha Vantage Y de Nasdaq earnings (fuente)"
AKAM,Akamai Technologies,Information Technology,NASDAQ,True,16556153357.0,False,,False,"En screener con cap. suficiente, pero AUSENTE de Alpha Vantage Y de Nasdaq earnings (fuente)"
ALB,Albemarle Corporation,Materials,NYSE,True,15660451114.0,False,,False,"En screener con cap. suficiente, pero AUSENTE de Alpha Vantage Y de Nasdaq earnings (fuente)"
ARE,Alexandria Real Estate Equities,Real Estate,NYSE,True,7987508609.0,False,,False,"En screener con cap. suficiente, pero AUSENTE de Alpha Vantage Y de Nasdaq earnings (fuente)"
ALGN,Align Technology,Health Care,NASDAQ,True,11928301549.0,False,,False,"En screener con cap. suficiente, pero AUSENTE de Alpha Vantage Y de Nasdaq earnings (fuente)"
LNT,Alliant Energy,Utilities,NASDAQ,True,18144743236.0,False,,False,"En screener con cap. suficiente, pero AUSENTE de Alpha Vantage Y de Nasdaq earnings (fuente)"
ALL,Allstate,Financials,NYSE,True,66033853643.0,False,,False,"En screener con cap. suficiente, pero AUSENTE de Alpha Vantage Y de Nasdaq earnings (fuente)"
MO,Altria,Consumer Staples,NYSE,True,108850606536.0,False,,False,"En screener con cap. suficiente, pero AUSENTE de Alpha Vantage Y de Nasdaq earnings (fuente)"
AMZN,Amazon,Consumer Discretionary,NASDAQ,True,2798509056255.0,False,,False,"En screener con cap. suficiente, pero AUSENTE de Alpha Vantage Y de Nasdaq earnings (fuente)"
AMCR,Amcor,Materials,NYSE,True,21203173343.0,False,,False,"En screener con cap. suficiente, pero AUSENTE de Alpha Vantage Y de Nasdaq earnings (fuente)"
AEE,Ameren,Utilities,NYSE,True,30361399337.0,False,,False,"En screener con cap. suficiente, pero AUSENTE de Alpha Vantage Y de Nasdaq earnings (fuente)"
AEP,American Electric Power,Utilities,NASDAQ,True,68784605425.0,False,,False,"En screener con cap. suficiente, pero AUSENTE de Alpha Vantage Y de Nasdaq earnings (fuente)"
AIG,American International Group,Financials,NYSE,True,39802628024.0,False,,False,"En screener con cap. suficiente, pero AUSENTE de Alpha Vantage Y de Nasdaq earnings (fuente)"
AWK,American Water Works,Utilities,NYSE,True,27080799331.0,False,,False,"En screener con cap. suficiente, pero AUSENTE de Alpha Vantage Y de Nasdaq earnings (fuente)"
AME,Ametek,Industrials,NYSE,True,57313018388.0,False,,False,"En screener con cap. suficiente, pero AUSENTE de Alpha Vantage Y de Nasdaq earnings (fuente)"
AMGN,Amgen,Health Care,NASDAQ,True,229919979086.0,False,,False,"En screener con cap. suficiente, pero AUSENTE de Alpha Vantage Y de Nasdaq earnings (fuente)"
APH,Amphenol,Information Technology,NYSE,True,196747170233.0,False,,False,"En screener con cap. suficiente, pero AUSENTE de Alpha Vantage Y de Nasdaq earnings (fuente)"
AON,Aon plc,Financials,NYSE,True,72801448949.0,False,,False,"En screener con cap. suficiente, pero AUSENTE de Alpha Vantage Y de Nasdaq earnings (fuente)"
APA,APA Corporation,Energy,NASDAQ,True,14842641721.0,False,,False,"En screener con cap. suficiente, pero AUSENTE de Alpha Vantage Y de Nasdaq earnings (fuente)"
APO,Apollo Global Management,Financials,NYSE,True,79044201832.0,False,,False,"En screener con cap. suficiente, pero AUSENTE de Alpha Vantage Y de Nasdaq earnings (fuente)"
AMAT,Applied Materials,Information Technology,NASDAQ,True,408357153632.0,False,,False,"En screener con cap. suficiente, pero AUSENTE de Alpha Vantage Y de Nasdaq earnings (fuente)"
APP,AppLovin,Communication Services,NASDAQ,True,102824866260.0,False,,False,"En screener con cap. suficiente, pero AUSENTE de Alpha Vantage Y de Nasdaq earnings (fuente)"
APTV,Aptiv,Consumer Discretionary,NYSE,True,10090979887.0,False,,False,"En screener con cap. suficiente, pero AUSENTE de Alpha Vantage Y de Nasdaq earnings (fuente)"
ACGL,Arch Capital Group,Financials,NASDAQ,True,33750972853.0,False,,False,"En screener con cap. suficiente, pero AUSENTE de Alpha Vantage Y de Nasdaq earnings (fuente)"
ADM,Archer Daniels Midland,Consumer Staples,NYSE,True,39737567618.0,False,,False,"En screener con cap. suficiente, pero AUSENTE de Alpha Vantage Y de Nasdaq earnings (fuente)"
ARES,Ares Management,Financials,NYSE,True,46341198001.0,False,,False,"En screener con cap. suficiente, pero AUSENTE de Alpha Vantage Y de Nasdaq earnings (fuente)"
ANET,Arista Networks,Information Technology,NYSE,True,243643377501.0,False,,False,"En screener con cap. suficiente, pero AUSENTE de Alpha Vantage Y de Nasdaq earnings (fuente)"
AJG,Arthur J. Gallagher & Co.,Financials,NYSE,True,63654668000.0,False,,False,"En screener con cap. suficiente, pero AUSENTE de Alpha Vantage Y de Nasdaq earnings (fuente)"
AIZ,Assurant,Financials,NYSE,True,13814107424.0,False,,False,"En screener con cap. suficiente, pero AUSENTE de Alpha Vantage Y de Nasdaq earnings (fuente)"
ATO,Atmos Energy,Utilities,NYSE,True,28814238172.0,False,,False,"En screener con cap. suficiente, pero AUSENTE de Alpha Vantage Y de Nasdaq earnings (fuente)"
ADP,Automatic Data Processing,Industrials,NASDAQ,True,106986827701.0,False,,False,"En screener con cap. suficiente, pero AUSENTE de Alpha Vantage Y de Nasdaq earnings (fuente)"
AVY,Avery Dennison,Materials,NYSE,True,13468310715.0,False,,False,"En screener con cap. suficiente, pero AUSENTE de Alpha Vantage Y de Nasdaq earnings (fuente)"
AXON,Axon Enterprise,Industrials,NASDAQ,True,50355011688.0,False,,False,"En screener con cap. suficiente, pero AUSENTE de Alpha Vantage Y de Nasdaq earnings (fuente)"
BKR,Baker Hughes,Energy,NASDAQ,True,63967917135.0,False,,False,"En screener con cap. suficiente, pero AUSENTE de Alpha Vantage Y de Nasdaq earnings (fuente)"
BALL,Ball Corporation,Materials,NYSE,True,16324256026.0,False,,False,"En screener con cap. suficiente, pero AUSENTE de Alpha Vantage Y de Nasdaq earnings (fuente)"
BAX,Baxter International,Health Care,NYSE,True,13410876214.0,False,,False,"En screener con cap. suficiente, pero AUSENTE de Alpha Vantage Y de Nasdaq earnings (fuente)"
BDX,Becton Dickinson,Health Care,NYSE,True,49239361836.0,False,,False,"En screener con cap. suficiente, pero AUSENTE de Alpha Vantage Y de Nasdaq earnings (fuente)"
BRK-B,Berkshire Hathaway,Financials,NYSE,False,,False,,False,AUSENTE del screener de Nasdaq (sin universo/capitalizacion)
TECH,Bio-Techne,Health Care,NASDAQ,True,11307395197.0,False,,False,"En screener con cap. suficiente, pero AUSENTE de Alpha Vantage Y de Nasdaq earnings (fuente)"
BIIB,Biogen,Health Care,NASDAQ,True,31405112275.0,False,,False,"En screener con cap. suficiente, pero AUSENTE de Alpha Vantage Y de Nasdaq earnings (fuente)"
XYZ,"Block, Inc.",Financials,NYSE,True,47721146850.0,False,,False,"En screener con cap. suficiente, pero AUSENTE de Alpha Vantage Y de Nasdaq earnings (fuente)"
BKNG,Booking Holdings,Consumer Discretionary,NASDAQ,True,156474989125.0,False,,False,"En screener con cap. suficiente, pero AUSENTE de Alpha Vantage Y de Nasdaq earnings (fuente)"
BSX,Boston Scientific,Health Care,NYSE,True,73142614177.0,False,,False,"En screener con cap. suficiente, pero AUSENTE de Alpha Vantage Y de Nasdaq earnings (fuente)"
BMY,Bristol Myers Squibb,Health Care,NYSE,True,134921303029.0,False,,False,"En screener con cap. suficiente, pero AUSENTE de Alpha Vantage Y de Nasdaq earnings (fuente)"
BR,Broadridge Financial Solutions,Industrials,NYSE,True,19367742608.0,False,,False,"En screener con cap. suficiente, pero AUSENTE de Alpha Vantage Y de Nasdaq earnings (fuente)"
BRO,Brown & Brown,Financials,NYSE,True,23211920465.0,False,,False,"En screener con cap. suficiente, pero AUSENTE de Alpha Vantage Y de Nasdaq earnings (fuente)"
BF-B,Brown–Forman,Consumer Staples,NYSE,False,,False,,False,AUSENTE del screener de Nasdaq (sin universo/capitalizacion)
BLDR,Builders FirstSource,Industrials,NYSE,True,7275672422.0,False,,False,"En screener con cap. suficiente, pero AUSENTE de Alpha Vantage Y de Nasdaq earnings (fuente)"
BG,Bunge Global,Consumer Staples,NYSE,True,21970742906.0,False,,False,"En screener con cap. suficiente, pero AUSENTE de Alpha Vantage Y de Nasdaq earnings (fuente)"
BXP,"BXP, Inc.",Real Estate,NYSE,True,10567998392.0,False,,False,"En screener con cap. suficiente, pero AUSENTE de Alpha Vantage Y de Nasdaq earnings (fuente)"
CHRW,C.H. Robinson,Industrials,NASDAQ,True,16904871495.0,False,,False,"En screener con cap. suficiente, pero AUSENTE de Alpha Vantage Y de Nasdaq earnings (fuente)"
CDNS,Cadence Design Systems,Information Technology,NASDAQ,True,87167392360.0,False,,False,"En screener con cap. suficiente, pero AUSENTE de Alpha Vantage Y de Nasdaq earnings (fuente)"
CPT,Camden Property Trust,Real Estate,NYSE,True,10785861468.0,False,,False,"En screener con cap. suficiente, pero AUSENTE de Alpha Vantage Y de Nasdaq earnings (fuente)"
CAH,Cardinal Health,Health Care,NYSE,True,54650644565.0,False,,False,"En screener con cap. suficiente, pero AUSENTE de Alpha Vantage Y de Nasdaq earnings (fuente)"
CARR,Carrier Global,Industrials,NYSE,True,50630045001.0,False,,False,"En screener con cap. suficiente, pero AUSENTE de Alpha Vantage Y de Nasdaq earnings (fuente)"
CVNA,Carvana,Consumer Discretionary,NYSE,True,71530145050.0,False,,False,"En screener con cap. suficiente, pero AUSENTE de Alpha Vantage Y de Nasdaq earnings (fuente)"
CAT,Caterpillar Inc.,Industrials,NYSE,True,386526823913.0,False,,False,"En screener con cap. suficiente, pero AUSENTE de Alpha Vantage Y de Nasdaq earnings (fuente)"
CBOE,Cboe Global Markets,Financials,SIN DATO,True,32538138063.0,False,,False,"En screener con cap. suficiente, pero AUSENTE de Alpha Vantage Y de Nasdaq earnings (fuente)"
CBRE,CBRE Group,Real Estate,NYSE,True,42654441395.0,False,,False,"En screener con cap. suficiente, pero AUSENTE de Alpha Vantage Y de Nasdaq earnings (fuente)"
CDW,CDW Corporation,Information Technology,NASDAQ,True,16873601987.0,False,,False,"En screener con cap. suficiente, pero AUSENTE de Alpha Vantage Y de Nasdaq earnings (fuente)"
COR,Cencora,Health Care,NYSE,True,60326191671.0,False,,False,"En screener con cap. suficiente, pero AUSENTE de Alpha Vantage Y de Nasdaq earnings (fuente)"
CF,CF Industries,Materials,NYSE,True,18118200924.0,False,,False,"En screener con cap. suficiente, pero AUSENTE de Alpha Vantage Y de Nasdaq earnings (fuente)"
CRL,Charles River Laboratories,Health Care,NYSE,True,13328215674.0,False,,False,"En screener con cap. suficiente, pero AUSENTE de Alpha Vantage Y de Nasdaq earnings (fuente)"
CVX,Chevron Corporation,Energy,NYSE,True,406495181913.0,False,,False,"En screener con cap. suficiente, pero AUSENTE de Alpha Vantage Y de Nasdaq earnings (fuente)"
CMG,Chipotle Mexican Grill,Consumer Discretionary,NYSE,True,42214344480.0,False,,False,"En screener con cap. suficiente, pero AUSENTE de Alpha Vantage Y de Nasdaq earnings (fuente)"
CHD,Church & Dwight,Consumer Staples,NYSE,True,23514023301.0,False,,False,"En screener con cap. suficiente, pero AUSENTE de Alpha Vantage Y de Nasdaq earnings (fuente)"
CI,Cigna,Health Care,NYSE,True,73590975351.0,False,,False,"En screener con cap. suficiente, pero AUSENTE de Alpha Vantage Y de Nasdaq earnings (fuente)"
CINF,Cincinnati Financial,Financials,NASDAQ,True,26298463011.0,False,,False,"En screener con cap. suficiente, pero AUSENTE de Alpha Vantage Y de Nasdaq earnings (fuente)"
CSCO,Cisco,Information Technology,NASDAQ,True,439903522961.0,False,,False,"En screener con cap. suficiente, pero AUSENTE de Alpha Vantage Y de Nasdaq earnings (fuente)"
CLX,Clorox,Consumer Staples,NYSE,True,12764267578.0,False,,False,"En screener con cap. suficiente, pero AUSENTE de Alpha Vantage Y de Nasdaq earnings (fuente)"
CMS,CMS Energy,Utilities,NYSE,True,22282791284.0,False,,False,"En screener con cap. suficiente, pero AUSENTE de Alpha Vantage Y de Nasdaq earnings (fuente)"
CTSH,Cognizant,Information Technology,NASDAQ,True,26026666396.0,False,,False,"En screener con cap. suficiente, pero AUSENTE de Alpha Vantage Y de Nasdaq earnings (fuente)"
COHR,Coherent Corp.,Information Technology,NYSE,True,60008875142.0,False,,False,"En screener con cap. suficiente, pero AUSENTE de Alpha Vantage Y de Nasdaq earnings (fuente)"
COIN,Coinbase,Financials,NASDAQ,True,38580873250.0,False,,False,"En screener con cap. suficiente, pero AUSENTE de Alpha Vantage Y de Nasdaq earnings (fuente)"
CL,Colgate-Palmolive,Consumer Staples,NYSE,True,72909426940.0,False,,False,"En screener con cap. suficiente, pero AUSENTE de Alpha Vantage Y de Nasdaq earnings (fuente)"
COP,ConocoPhillips,Energy,NYSE,True,155837497776.0,False,,False,"En screener con cap. suficiente, pero AUSENTE de Alpha Vantage Y de Nasdaq earnings (fuente)"
ED,Consolidated Edison,Utilities,NYSE,True,40370493578.0,False,,False,"En screener con cap. suficiente, pero AUSENTE de Alpha Vantage Y de Nasdaq earnings (fuente)"
CEG,Constellation Energy,Utilities,NASDAQ,True,94539837939.0,False,,False,"En screener con cap. suficiente, pero AUSENTE de Alpha Vantage Y de Nasdaq earnings (fuente)"
GLW,Corning Inc.,Information Technology,NYSE,True,137735994127.0,False,,False,"En screener con cap. suficiente, pero AUSENTE de Alpha Vantage Y de Nasdaq earnings (fuente)"
CPAY,Corpay,Financials,NYSE,True,26711638065.0,False,,False,"En screener con cap. suficiente, pero AUSENTE de Alpha Vantage Y de Nasdaq earnings (fuente)"
CTVA,Corteva,Materials,NYSE,True,51981240360.0,False,,False,"En screener con cap. suficiente, pero AUSENTE de Alpha Vantage Y de Nasdaq earnings (fuente)"
CRH,CRH plc,Materials,NYSE,True,62415902034.0,False,,False,"En screener con cap. suficiente, pero AUSENTE de Alpha Vantage Y de Nasdaq earnings (fuente)"
CMI,Cummins,Industrials,NYSE,True,85463490174.0,False,,False,"En screener con cap. suficiente, pero AUSENTE de Alpha Vantage Y de Nasdaq earnings (fuente)"
CVS,CVS Health,Health Care,NYSE,True,121387077722.0,False,,False,"En screener con cap. suficiente, pero AUSENTE de Alpha Vantage Y de Nasdaq earnings (fuente)"
DDOG,Datadog,Information Technology,NASDAQ,True,88332455904.0,False,,False,"En screener con cap. suficiente, pero AUSENTE de Alpha Vantage Y de Nasdaq earnings (fuente)"
DVA,DaVita,Health Care,NYSE,True,11350658000.0,False,,False,"En screener con cap. suficiente, pero AUSENTE de Alpha Vantage Y de Nasdaq earnings (fuente)"
DVN,Devon Energy,Energy,NYSE,True,52613000000.0,False,,False,"En screener con cap. suficiente, pero AUSENTE de Alpha Vantage Y de Nasdaq earnings (fuente)"
DXCM,Dexcom,Health Care,NASDAQ,True,33811524544.0,False,,False,"En screener con cap. suficiente, pero AUSENTE de Alpha Vantage Y de Nasdaq earnings (fuente)"
FANG,Diamondback Energy,Energy,NASDAQ,True,58810714617.0,False,,False,"En screener con cap. suficiente, pero AUSENTE de Alpha Vantage Y de Nasdaq earnings (fuente)"
D,Dominion Energy,Utilities,NYSE,True,60344275361.0,False,,False,"En screener con cap. suficiente, pero AUSENTE de Alpha Vantage Y de Nasdaq earnings (fuente)"
DASH,DoorDash,Consumer Discretionary,NASDAQ,True,93744008670.0,False,,False,"En screener con cap. suficiente, pero AUSENTE de Alpha Vantage Y de Nasdaq earnings (fuente)"
DTE,DTE Energy,Utilities,NYSE,True,29176028154.0,False,,False,"En screener con cap. suficiente, pero AUSENTE de Alpha Vantage Y de Nasdaq earnings (fuente)"
DUK,Duke Energy,Utilities,NYSE,True,96675274910.0,False,,False,"En screener con cap. suficiente, pero AUSENTE de Alpha Vantage Y de Nasdaq earnings (fuente)"
DD,DuPont,Industrials,NYSE,True,18745315360.0,False,,False,"En screener con cap. suficiente, pero AUSENTE de Alpha Vantage Y de Nasdaq earnings (fuente)"
ETN,Eaton Corporation,Industrials,NYSE,True,167528572000.0,False,,False,"En screener con cap. suficiente, pero AUSENTE de Alpha Vantage Y de Nasdaq earnings (fuente)"
EBAY,eBay Inc.,Consumer Discretionary,NASDAQ,True,45510150000.0,False,,False,"En screener con cap. suficiente, pero AUSENTE de Alpha Vantage Y de Nasdaq earnings (fuente)"
ECHO,EchoStar,Communication Services,NASDAQ,True,26144163720.0,False,,False,"En screener con cap. suficiente, pero AUSENTE de Alpha Vantage Y de Nasdaq earnings (fuente)"
ECL,Ecolab,Materials,NYSE,True,78492008840.0,False,,False,"En screener con cap. suficiente, pero AUSENTE de Alpha Vantage Y de Nasdaq earnings (fuente)"
EIX,Edison International,Utilities,NYSE,True,28356942113.0,False,,False,"En screener con cap. suficiente, pero AUSENTE de Alpha Vantage Y de Nasdaq earnings (fuente)"
EME,Emcor,Industrials,NYSE,True,36369936672.0,False,,False,"En screener con cap. suficiente, pero AUSENTE de Alpha Vantage Y de Nasdaq earnings (fuente)"
EMR,Emerson Electric,Industrials,NYSE,True,88009684000.0,False,,False,"En screener con cap. suficiente, pero AUSENTE de Alpha Vantage Y de Nasdaq earnings (fuente)"
ETR,Entergy,Utilities,NYSE,True,50433532304.0,False,,False,"En screener con cap. suficiente, pero AUSENTE de Alpha Vantage Y de Nasdaq earnings (fuente)"
EOG,EOG Resources,Energy,NYSE,True,77997488471.0,False,,False,"En screener con cap. suficiente, pero AUSENTE de Alpha Vantage Y de Nasdaq earnings (fuente)"
EQIX,Equinix,Real Estate,NASDAQ,True,107067659762.0,False,,False,"En screener con cap. suficiente, pero AUSENTE de Alpha Vantage Y de Nasdaq earnings (fuente)"
ERIE,Erie Indemnity,Financials,NASDAQ,True,11868281023.0,False,,False,"En screener con cap. suficiente, pero AUSENTE de Alpha Vantage Y de Nasdaq earnings (fuente)"
ESS,Essex Property Trust,Real Estate,NYSE,True,18233598829.0,False,,False,"En screener con cap. suficiente, pero AUSENTE de Alpha Vantage Y de Nasdaq earnings (fuente)"
EG,Everest Group,Financials,NYSE,True,14086353617.0,False,,False,"En screener con cap. suficiente, pero AUSENTE de Alpha Vantage Y de Nasdaq earnings (fuente)"
EVRG,Evergy,Utilities,NYSE,True,19233913488.0,False,,False,"En screener con cap. suficiente, pero AUSENTE de Alpha Vantage Y de Nasdaq earnings (fuente)"
ES,Eversource Energy,Utilities,NYSE,True,27203450734.0,False,,False,"En screener con cap. suficiente, pero AUSENTE de Alpha Vantage Y de Nasdaq earnings (fuente)"
EXC,Exelon,Utilities,NASDAQ,True,46771427245.0,False,,False,"En screener con cap. suficiente, pero AUSENTE de Alpha Vantage Y de Nasdaq earnings (fuente)"
EXE,Expand Energy,Energy,NASDAQ,True,22097036660.0,False,,False,"En screener con cap. suficiente, pero AUSENTE de Alpha Vantage Y de Nasdaq earnings (fuente)"
EXPE,Expedia Group,Consumer Discretionary,NASDAQ,True,36801269285.0,False,,False,"En screener con cap. suficiente, pero AUSENTE de Alpha Vantage Y de Nasdaq earnings (fuente)"
EXPD,Expeditors International,Industrials,NASDAQ,True,24171756161.0,False,,False,"En screener con cap. suficiente, pero AUSENTE de Alpha Vantage Y de Nasdaq earnings (fuente)"
EXR,Extra Space Storage,Real Estate,NYSE,True,31039723461.0,False,,False,"En screener con cap. suficiente, pero AUSENTE de Alpha Vantage Y de Nasdaq earnings (fuente)"
XOM,ExxonMobil,Energy,NYSE,True,680768144098.0,False,,False,"En screener con cap. suficiente, pero AUSENTE de Alpha Vantage Y de Nasdaq earnings (fuente)"
FFIV,"F5, Inc.",Information Technology,NASDAQ,True,22289591379.0,False,,False,"En screener con cap. suficiente, pero AUSENTE de Alpha Vantage Y de Nasdaq earnings (fuente)"
FICO,Fair Isaac,Information Technology,NYSE,True,23284842246.0,False,,False,"En screener con cap. suficiente, pero AUSENTE de Alpha Vantage Y de Nasdaq earnings (fuente)"
FRT,Federal Realty Investment Trust,Real Estate,NYSE,True,10207735345.0,False,,False,"En screener con cap. suficiente, pero AUSENTE de Alpha Vantage Y de Nasdaq earnings (fuente)"
FERG,Ferguson Enterprises,Industrials,NYSE,True,47293385725.0,False,,False,"En screener con cap. suficiente, pero AUSENTE de Alpha Vantage Y de Nasdaq earnings (fuente)"
FIS,Fidelity National Information Services,Financials,NYSE,True,21118157301.0,False,,False,"En screener con cap. suficiente, pero AUSENTE de Alpha Vantage Y de Nasdaq earnings (fuente)"
FSLR,First Solar,Information Technology,NASDAQ,True,23644428058.0,False,,False,"En screener con cap. suficiente, pero AUSENTE de Alpha Vantage Y de Nasdaq earnings (fuente)"
FE,FirstEnergy,Utilities,NYSE,True,27346523186.0,False,,False,"En screener con cap. suficiente, pero AUSENTE de Alpha Vantage Y de Nasdaq earnings (fuente)"
FISV,Fiserv,Financials,NASDAQ,True,27502974810.0,False,,False,"En screener con cap. suficiente, pero AUSENTE de Alpha Vantage Y de Nasdaq earnings (fuente)"
FLEX,Flex Ltd.,Information Technology,NASDAQ,True,44417014075.0,False,,False,"En screener con cap. suficiente, pero AUSENTE de Alpha Vantage Y de Nasdaq earnings (fuente)"
F,Ford Motor Company,Consumer Discretionary,NYSE,True,54560238223.0,False,,False,"En screener con cap. suficiente, pero AUSENTE de Alpha Vantage Y de Nasdaq earnings (fuente)"
FTNT,Fortinet,Information Technology,NASDAQ,True,115934094311.0,False,,False,"En screener con cap. suficiente, pero AUSENTE de Alpha Vantage Y de Nasdaq earnings (fuente)"
FTV,Fortive,Industrials,NYSE,True,17954913741.0,False,,False,"En screener con cap. suficiente, pero AUSENTE de Alpha Vantage Y de Nasdaq earnings (fuente)"
FOXA,Fox Corporation (Class A),Communication Services,NASDAQ,True,28968449785.0,False,,False,"En screener con cap. suficiente, pero AUSENTE de Alpha Vantage Y de Nasdaq earnings (fuente)"
FOX,Fox Corporation (Class B),Communication Services,NASDAQ,True,25695178623.0,False,,False,"En screener con cap. suficiente, pero AUSENTE de Alpha Vantage Y de Nasdaq earnings (fuente)"
BEN,Franklin Resources,Financials,NYSE,True,17269534171.0,False,,False,"En screener con cap. suficiente, pero AUSENTE de Alpha Vantage Y de Nasdaq earnings (fuente)"
GRMN,Garmin,Consumer Discretionary,NYSE,True,57362058308.0,False,,False,"En screener con cap. suficiente, pero AUSENTE de Alpha Vantage Y de Nasdaq earnings (fuente)"
IT,Gartner,Information Technology,NYSE,True,11497534060.0,False,,False,"En screener con cap. suficiente, pero AUSENTE de Alpha Vantage Y de Nasdaq earnings (fuente)"
GEHC,GE HealthCare,Health Care,NASDAQ,True,32805972483.0,False,,False,"En screener con cap. suficiente, pero AUSENTE de Alpha Vantage Y de Nasdaq earnings (fuente)"
GEN,Gen Digital,Information Technology,NASDAQ,True,16544945564.0,False,,False,"En screener con cap. suficiente, pero AUSENTE de Alpha Vantage Y de Nasdaq earnings (fuente)"
GNRC,Generac,Industrials,NYSE,True,12483385733.0,False,,False,"En screener con cap. suficiente, pero AUSENTE de Alpha Vantage Y de Nasdaq earnings (fuente)"
GD,General Dynamics,Industrials,NYSE,True,106458845089.0,False,,False,"En screener con cap. suficiente, pero AUSENTE de Alpha Vantage Y de Nasdaq earnings (fuente)"
GILD,Gilead Sciences,Health Care,NASDAQ,True,177859167433.0,False,,False,"En screener con cap. suficiente, pero AUSENTE de Alpha Vantage Y de Nasdaq earnings (fuente)"
GPN,Global Payments,Financials,NYSE,True,23913563904.0,False,,False,"En screener con cap. suficiente, pero AUSENTE de Alpha Vantage Y de Nasdaq earnings (fuente)"
GDDY,GoDaddy,Information Technology,NYSE,True,12132850043.0,False,,False,"En screener con cap. suficiente, pero AUSENTE de Alpha Vantage Y de Nasdaq earnings (fuente)"
DOC,Healthpeak Properties,Real Estate,NYSE,True,14093937194.0,False,,False,"En screener con cap. suficiente, pero AUSENTE de Alpha Vantage Y de Nasdaq earnings (fuente)"
HSIC,Henry Schein,Health Care,NASDAQ,True,9944374943.0,False,,False,"En screener con cap. suficiente, pero AUSENTE de Alpha Vantage Y de Nasdaq earnings (fuente)"
HSY,Hershey Company (The),Consumer Staples,NYSE,True,36859811777.0,False,,False,"En screener con cap. suficiente, pero AUSENTE de Alpha Vantage Y de Nasdaq earnings (fuente)"
HLT,Hilton Worldwide,Consumer Discretionary,NYSE,True,73762773603.0,False,,False,"En screener con cap. suficiente, pero AUSENTE de Alpha Vantage Y de Nasdaq earnings (fuente)"
HONA,Honeywell Aerospace,Industrials,NASDAQ,True,50953320071.0,False,,False,"En screener con cap. suficiente, pero AUSENTE de Alpha Vantage Y de Nasdaq earnings (fuente)"
HST,Host Hotels & Resorts,Real Estate,NASDAQ,True,15703051225.0,False,,False,"En screener con cap. suficiente, pero AUSENTE de Alpha Vantage Y de Nasdaq earnings (fuente)"
HWM,Howmet Aerospace,Industrials,NYSE,True,116709229417.0,False,,False,"En screener con cap. suficiente, pero AUSENTE de Alpha Vantage Y de Nasdaq earnings (fuente)"
HUBB,Hubbell Incorporated,Industrials,NYSE,True,25563567804.0,False,,False,"En screener con cap. suficiente, pero AUSENTE de Alpha Vantage Y de Nasdaq earnings (fuente)"
HUM,Humana,Health Care,NYSE,True,45870677656.0,False,,False,"En screener con cap. suficiente, pero AUSENTE de Alpha Vantage Y de Nasdaq earnings (fuente)"
HII,Huntington Ingalls Industries,Industrials,NYSE,True,12515294371.0,False,,False,"En screener con cap. suficiente, pero AUSENTE de Alpha Vantage Y de Nasdaq earnings (fuente)"
IEX,IDEX Corporation,Industrials,NYSE,True,17262250847.0,False,,False,"En screener con cap. suficiente, pero AUSENTE de Alpha Vantage Y de Nasdaq earnings (fuente)"
IDXX,Idexx Laboratories,Health Care,NASDAQ,True,43591167105.0,False,,False,"En screener con cap. suficiente, pero AUSENTE de Alpha Vantage Y de Nasdaq earnings (fuente)"
ITW,Illinois Tool Works,Industrials,NYSE,True,81071168000.0,False,,False,"En screener con cap. suficiente, pero AUSENTE de Alpha Vantage Y de Nasdaq earnings (fuente)"
INCY,Incyte,Health Care,NASDAQ,True,25027090699.0,False,,False,"En screener con cap. suficiente, pero AUSENTE de Alpha Vantage Y de Nasdaq earnings (fuente)"
IR,Ingersoll Rand,Industrials,NYSE,True,31338713880.0,False,,False,"En screener con cap. suficiente, pero AUSENTE de Alpha Vantage Y de Nasdaq earnings (fuente)"
PODD,Insulet Corporation,Health Care,NASDAQ,True,10266502078.0,False,,False,"En screener con cap. suficiente, pero AUSENTE de Alpha Vantage Y de Nasdaq earnings (fuente)"
ICE,Intercontinental Exchange,Financials,NYSE,True,87678590980.0,False,,False,"En screener con cap. suficiente, pero AUSENTE de Alpha Vantage Y de Nasdaq earnings (fuente)"
IFF,International Flavors & Fragrances,Materials,NYSE,True,20667147003.0,False,,False,"En screener con cap. suficiente, pero AUSENTE de Alpha Vantage Y de Nasdaq earnings (fuente)"
IP,International Paper,Materials,NYSE,True,21209274295.0,False,,False,"En screener con cap. suficiente, pero AUSENTE de Alpha Vantage Y de Nasdaq earnings (fuente)"
IVZ,Invesco,Financials,NYSE,True,14295762876.0,False,,False,"En screener con cap. suficiente, pero AUSENTE de Alpha Vantage Y de Nasdaq earnings (fuente)"
INVH,Invitation Homes,Real Estate,NYSE,True,17553322277.0,False,,False,"En screener con cap. suficiente, pero AUSENTE de Alpha Vantage Y de Nasdaq earnings (fuente)"
IQV,IQVIA,Health Care,NYSE,True,39508938000.0,False,,False,"En screener con cap. suficiente, pero AUSENTE de Alpha Vantage Y de Nasdaq earnings (fuente)"
IRM,Iron Mountain,Real Estate,NYSE,True,37710015196.0,False,,False,"En screener con cap. suficiente, pero AUSENTE de Alpha Vantage Y de Nasdaq earnings (fuente)"
J,Jacobs Solutions,Industrials,NYSE,True,16720135967.0,False,,False,"En screener con cap. suficiente, pero AUSENTE de Alpha Vantage Y de Nasdaq earnings (fuente)"
JCI,Johnson Controls,Industrials,NYSE,True,90667383230.0,False,,False,"En screener con cap. suficiente, pero AUSENTE de Alpha Vantage Y de Nasdaq earnings (fuente)"
KVUE,Kenvue,Consumer Staples,NYSE,True,36110541180.0,False,,False,"En screener con cap. suficiente, pero AUSENTE de Alpha Vantage Y de Nasdaq earnings (fuente)"
KDP,Keurig Dr Pepper,Consumer Staples,NASDAQ,True,41899833710.0,False,,False,"En screener con cap. suficiente, pero AUSENTE de Alpha Vantage Y de Nasdaq earnings (fuente)"
KMB,Kimberly-Clark,Consumer Staples,NASDAQ,True,35825413973.0,False,,False,"En screener con cap. suficiente, pero AUSENTE de Alpha Vantage Y de Nasdaq earnings (fuente)"
KIM,Kimco Realty,Real Estate,NYSE,True,16246518614.0,False,,False,"En screener con cap. suficiente, pero AUSENTE de Alpha Vantage Y de Nasdaq earnings (fuente)"
KKR,KKR & Co.,Financials,NYSE,True,96217560071.0,False,,False,"En screener con cap. suficiente, pero AUSENTE de Alpha Vantage Y de Nasdaq earnings (fuente)"
KLAC,KLA Corporation,Information Technology,NASDAQ,True,254502247861.0,False,,False,"En screener con cap. suficiente, pero AUSENTE de Alpha Vantage Y de Nasdaq earnings (fuente)"
KHC,Kraft Heinz,Consumer Staples,NASDAQ,True,29432145674.0,False,,False,"En screener con cap. suficiente, pero AUSENTE de Alpha Vantage Y de Nasdaq earnings (fuente)"
LHX,L3Harris,Industrials,NYSE,True,52054433757.0,False,,False,"En screener con cap. suficiente, pero AUSENTE de Alpha Vantage Y de Nasdaq earnings (fuente)"
LH,Labcorp,Health Care,NYSE,True,26128798000.0,False,,False,"En screener con cap. suficiente, pero AUSENTE de Alpha Vantage Y de Nasdaq earnings (fuente)"
LRCX,Lam Research,Information Technology,NASDAQ,True,410333182320.0,False,,False,"En screener con cap. suficiente, pero AUSENTE de Alpha Vantage Y de Nasdaq earnings (fuente)"
LDOS,Leidos,Industrials,NYSE,True,18005622147.0,False,,False,"En screener con cap. suficiente, pero AUSENTE de Alpha Vantage Y de Nasdaq earnings (fuente)"
LII,Lennox International,Industrials,NYSE,True,14206165459.0,False,,False,"En screener con cap. suficiente, pero AUSENTE de Alpha Vantage Y de Nasdaq earnings (fuente)"
LLY,Lilly (Eli),Health Care,NYSE,True,1153849595282.0,False,,False,"En screener con cap. suficiente, pero AUSENTE de Alpha Vantage Y de Nasdaq earnings (fuente)"
LIN,Linde plc,Materials,NASDAQ,True,220673508929.0,False,,False,"En screener con cap. suficiente, pero AUSENTE de Alpha Vantage Y de Nasdaq earnings (fuente)"
LYV,Live Nation Entertainment,Communication Services,NYSE,True,42376393382.0,False,,False,"En screener con cap. suficiente, pero AUSENTE de Alpha Vantage Y de Nasdaq earnings (fuente)"
L,Loews Corporation,Financials,NYSE,True,22987897114.0,False,,False,"En screener con cap. suficiente, pero AUSENTE de Alpha Vantage Y de Nasdaq earnings (fuente)"
LITE,Lumentum,Information Technology,NASDAQ,True,67943518000.0,False,,False,"En screener con cap. suficiente, pero AUSENTE de Alpha Vantage Y de Nasdaq earnings (fuente)"
LYB,LyondellBasell,Materials,NYSE,True,21104069404.0,False,,False,"En screener con cap. suficiente, pero AUSENTE de Alpha Vantage Y de Nasdaq earnings (fuente)"
MPC,Marathon Petroleum,Energy,NYSE,True,102840836458.0,False,,False,"En screener con cap. suficiente, pero AUSENTE de Alpha Vantage Y de Nasdaq earnings (fuente)"
MAR,Marriott International,Consumer Discretionary,NASDAQ,True,93179617691.0,False,,False,"En screener con cap. suficiente, pero AUSENTE de Alpha Vantage Y de Nasdaq earnings (fuente)"
MLM,Martin Marietta Materials,Materials,NYSE,True,31403021288.0,False,,False,"En screener con cap. suficiente, pero AUSENTE de Alpha Vantage Y de Nasdaq earnings (fuente)"
MAS,Masco,Industrials,NYSE,True,14469613613.0,False,,False,"En screener con cap. suficiente, pero AUSENTE de Alpha Vantage Y de Nasdaq earnings (fuente)"
MA,Mastercard,Financials,NYSE,True,503101268641.0,False,,False,"En screener con cap. suficiente, pero AUSENTE de Alpha Vantage Y de Nasdaq earnings (fuente)"
MCD,McDonald's,Consumer Discretionary,NYSE,True,188933212362.0,False,,False,"En screener con cap. suficiente, pero AUSENTE de Alpha Vantage Y de Nasdaq earnings (fuente)"
MCK,McKesson Corporation,Health Care,NYSE,True,101347338941.0,False,,False,"En screener con cap. suficiente, pero AUSENTE de Alpha Vantage Y de Nasdaq earnings (fuente)"
META,Meta Platforms,Communication Services,NASDAQ,True,1385002709346.0,False,,False,"En screener con cap. suficiente, pero AUSENTE de Alpha Vantage Y de Nasdaq earnings (fuente)"
MET,MetLife,Financials,NYSE,True,61469683149.0,False,,False,"En screener con cap. suficiente, pero AUSENTE de Alpha Vantage Y de Nasdaq earnings (fuente)"
MTD,Mettler Toledo,Health Care,NYSE,True,28044570536.0,False,,False,"En screener con cap. suficiente, pero AUSENTE de Alpha Vantage Y de Nasdaq earnings (fuente)"
MGM,MGM Resorts,Consumer Discretionary,NYSE,True,11190558555.0,False,,False,"En screener con cap. suficiente, pero AUSENTE de Alpha Vantage Y de Nasdaq earnings (fuente)"
MCHP,Microchip Technology,Information Technology,NASDAQ,True,42457849549.0,False,,False,"En screener con cap. suficiente, pero AUSENTE de Alpha Vantage Y de Nasdaq earnings (fuente)"
MSFT,Microsoft,Information Technology,NASDAQ,True,3576365474830.0,False,,False,"En screener con cap. suficiente, pero AUSENTE de Alpha Vantage Y de Nasdaq earnings (fuente)"
MAA,Mid-America Apartment Communities,Real Estate,NYSE,True,15102578143.0,False,,False,"En screener con cap. suficiente, pero AUSENTE de Alpha Vantage Y de Nasdaq earnings (fuente)"
MRNA,Moderna,Health Care,NASDAQ,True,25135891571.0,False,,False,"En screener con cap. suficiente, pero AUSENTE de Alpha Vantage Y de Nasdaq earnings (fuente)"
TAP,Molson Coors Beverage Company,Consumer Staples,NYSE,True,7668850264.0,False,,False,"En screener con cap. suficiente, pero AUSENTE de Alpha Vantage Y de Nasdaq earnings (fuente)"
MPWR,Monolithic Power Systems,Information Technology,NASDAQ,True,65516464740.0,False,,False,"En screener con cap. suficiente, pero AUSENTE de Alpha Vantage Y de Nasdaq earnings (fuente)"
MNST,Monster Beverage,Consumer Staples,NASDAQ,True,139229948117.0,False,,False,"En screener con cap. suficiente, pero AUSENTE de Alpha Vantage Y de Nasdaq earnings (fuente)"
MOS,Mosaic Company (The),Materials,NYSE,True,6720313956.0,False,,False,"En screener con cap. suficiente, pero AUSENTE de Alpha Vantage Y de Nasdaq earnings (fuente)"
MSI,Motorola Solutions,Information Technology,NYSE,True,77699333466.0,False,,False,"En screener con cap. suficiente, pero AUSENTE de Alpha Vantage Y de Nasdaq earnings (fuente)"
NWSA,News Corp (Class A),Communication Services,NASDAQ,True,15901537031.0,False,,False,"En screener con cap. suficiente, pero AUSENTE de Alpha Vantage Y de Nasdaq earnings (fuente)"
NWS,News Corp (Class B),Communication Services,NASDAQ,True,18119852847.0,False,,False,"En screener con cap. suficiente, pero AUSENTE de Alpha Vantage Y de Nasdaq earnings (fuente)"
NI,NiSource,Utilities,NYSE,True,20199071412.0,False,,False,"En screener con cap. suficiente, pero AUSENTE de Alpha Vantage Y de Nasdaq earnings (fuente)"
NCLH,Norwegian Cruise Line Holdings,Consumer Discretionary,NYSE,True,8086297968.0,False,,False,"En screener con cap. suficiente, pero AUSENTE de Alpha Vantage Y de Nasdaq earnings (fuente)"
NRG,NRG Energy,Utilities,NYSE,True,24291923415.0,False,,False,"En screener con cap. suficiente, pero AUSENTE de Alpha Vantage Y de Nasdaq earnings (fuente)"
NUE,Nucor,Materials,NYSE,True,59938284842.0,False,,False,"En screener con cap. suficiente, pero AUSENTE de Alpha Vantage Y de Nasdaq earnings (fuente)"
NXPI,NXP Semiconductors,Information Technology,NASDAQ,True,57634643609.0,False,,False,"En screener con cap. suficiente, pero AUSENTE de Alpha Vantage Y de Nasdaq earnings (fuente)"
ORLY,O'Reilly Automotive,Consumer Discretionary,NASDAQ,True,73421281482.0,False,,False,"En screener con cap. suficiente, pero AUSENTE de Alpha Vantage Y de Nasdaq earnings (fuente)"
OXY,Occidental Petroleum,Energy,NYSE,True,59778314786.0,False,,False,"En screener con cap. suficiente, pero AUSENTE de Alpha Vantage Y de Nasdaq earnings (fuente)"
ODFL,Old Dominion,Industrials,NASDAQ,True,43130177376.0,False,,False,"En screener con cap. suficiente, pero AUSENTE de Alpha Vantage Y de Nasdaq earnings (fuente)"
OMC,Omnicom Group,Communication Services,NYSE,True,23678800412.0,False,,False,"En screener con cap. suficiente, pero AUSENTE de Alpha Vantage Y de Nasdaq earnings (fuente)"
ON,ON Semiconductor,Information Technology,NASDAQ,True,30919136882.0,False,,False,"En screener con cap. suficiente, pero AUSENTE de Alpha Vantage Y de Nasdaq earnings (fuente)"
OKE,Oneok,Energy,NYSE,True,61189983576.0,False,,False,"En screener con cap. suficiente, pero AUSENTE de Alpha Vantage Y de Nasdaq earnings (fuente)"
PCAR,Paccar,Industrials,NASDAQ,True,67385241283.0,False,,False,"En screener con cap. suficiente, pero AUSENTE de Alpha Vantage Y de Nasdaq earnings (fuente)"
PLTR,Palantir Technologies,Information Technology,NASDAQ,True,412048253959.0,False,,False,"En screener con cap. suficiente, pero AUSENTE de Alpha Vantage Y de Nasdaq earnings (fuente)"
PSKY,Paramount Skydance Corporation,Communication Services,NASDAQ,True,11701894475.0,False,,False,"En screener con cap. suficiente, pero AUSENTE de Alpha Vantage Y de Nasdaq earnings (fuente)"
PH,Parker Hannifin,Industrials,NYSE,True,131363104380.0,False,,False,"En screener con cap. suficiente, pero AUSENTE de Alpha Vantage Y de Nasdaq earnings (fuente)"
PYPL,PayPal,Financials,NASDAQ,True,51695500616.0,False,,False,"En screener con cap. suficiente, pero AUSENTE de Alpha Vantage Y de Nasdaq earnings (fuente)"
PNR,Pentair,Industrials,NYSE,True,10144991723.0,False,,False,"En screener con cap. suficiente, pero AUSENTE de Alpha Vantage Y de Nasdaq earnings (fuente)"
PFE,Pfizer,Health Care,NYSE,True,155316105300.0,False,,False,"En screener con cap. suficiente, pero AUSENTE de Alpha Vantage Y de Nasdaq earnings (fuente)"
PSX,Phillips 66,Energy,NYSE,True,97157602837.0,False,,False,"En screener con cap. suficiente, pero AUSENTE de Alpha Vantage Y de Nasdaq earnings (fuente)"
PNW,Pinnacle West Capital,Utilities,NYSE,True,12137902985.0,False,,False,"En screener con cap. suficiente, pero AUSENTE de Alpha Vantage Y de Nasdaq earnings (fuente)"
PPG,PPG Industries,Materials,NYSE,True,25077663000.0,False,,False,"En screener con cap. suficiente, pero AUSENTE de Alpha Vantage Y de Nasdaq earnings (fuente)"
PPL,PPL Corporation,Utilities,NYSE,True,26805647236.0,False,,False,"En screener con cap. suficiente, pero AUSENTE de Alpha Vantage Y de Nasdaq earnings (fuente)"
PFG,Principal Financial Group,Financials,NASDAQ,True,24223799083.0,False,,False,"En screener con cap. suficiente, pero AUSENTE de Alpha Vantage Y de Nasdaq earnings (fuente)"
PG,Procter & Gamble,Consumer Staples,NYSE,True,333439922457.0,False,,False,"En screener con cap. suficiente, pero AUSENTE de Alpha Vantage Y de Nasdaq earnings (fuente)"
PRU,Prudential Financial,Financials,NYSE,True,42966300000.0,False,,False,"En screener con cap. suficiente, pero AUSENTE de Alpha Vantage Y de Nasdaq earnings (fuente)"
PEG,Public Service Enterprise Group,Utilities,NYSE,True,37680554268.0,False,,False,"En screener con cap. suficiente, pero AUSENTE de Alpha Vantage Y de Nasdaq earnings (fuente)"
PTC,PTC Inc.,Information Technology,NASDAQ,True,15893997111.0,False,,False,"En screener con cap. suficiente, pero AUSENTE de Alpha Vantage Y de Nasdaq earnings (fuente)"
PSA,Public Storage,Real Estate,NYSE,True,56743188395.0,False,,False,"En screener con cap. suficiente, pero AUSENTE de Alpha Vantage Y de Nasdaq earnings (fuente)"
PWR,Quanta Services,Industrials,NYSE,True,102563625651.0,False,,False,"En screener con cap. suficiente, pero AUSENTE de Alpha Vantage Y de Nasdaq earnings (fuente)"
QCOM,Qualcomm,Information Technology,NASDAQ,True,168236971805.0,False,,False,"En screener con cap. suficiente, pero AUSENTE de Alpha Vantage Y de Nasdaq earnings (fuente)"
Q,Qnity Electronics,Information Technology,NYSE,True,27946077174.0,False,,False,"En screener con cap. suficiente, pero AUSENTE de Alpha Vantage Y de Nasdaq earnings (fuente)"
RL,Ralph Lauren Corporation,Consumer Discretionary,NYSE,True,22536981902.0,False,,False,"En screener con cap. suficiente, pero AUSENTE de Alpha Vantage Y de Nasdaq earnings (fuente)"
RDDT,Reddit,Communication Services,NASDAQ,True,30446747708.0,False,,False,"En screener con cap. suficiente, pero AUSENTE de Alpha Vantage Y de Nasdaq earnings (fuente)"
O,Realty Income,Real Estate,NYSE,True,58864223833.0,False,,False,"En screener con cap. suficiente, pero AUSENTE de Alpha Vantage Y de Nasdaq earnings (fuente)"
REG,Regency Centers,Real Estate,NASDAQ,True,13951954476.0,False,,False,"En screener con cap. suficiente, pero AUSENTE de Alpha Vantage Y de Nasdaq earnings (fuente)"
REGN,Regeneron Pharmaceuticals,Health Care,NASDAQ,True,83418249477.0,False,,False,"En screener con cap. suficiente, pero AUSENTE de Alpha Vantage Y de Nasdaq earnings (fuente)"
RSG,Republic Services,Industrials,NYSE,True,66439029837.0,False,,False,"En screener con cap. suficiente, pero AUSENTE de Alpha Vantage Y de Nasdaq earnings (fuente)"
RMD,ResMed |,Health Care,NYSE,True,31732622274.0,False,,False,"En screener con cap. suficiente, pero AUSENTE de Alpha Vantage Y de Nasdaq earnings (fuente)"
RVTY,Revvity,Health Care,NYSE,True,12692953114.0,False,,False,"En screener con cap. suficiente, pero AUSENTE de Alpha Vantage Y de Nasdaq earnings (fuente)"
HOOD,Robinhood Markets,Financials,NASDAQ,True,82293000448.0,False,,False,"En screener con cap. suficiente, pero AUSENTE de Alpha Vantage Y de Nasdaq earnings (fuente)"
ROK,Rockwell Automation,Industrials,NYSE,True,48256175198.0,False,,False,"En screener con cap. suficiente, pero AUSENTE de Alpha Vantage Y de Nasdaq earnings (fuente)"
SPGI,S&P Global,Financials,NYSE,True,123238192000.0,False,,False,"En screener con cap. suficiente, pero AUSENTE de Alpha Vantage Y de Nasdaq earnings (fuente)"
SNDK,Sandisk,Information Technology,NASDAQ,True,240761366761.0,False,,False,"En screener con cap. suficiente, pero AUSENTE de Alpha Vantage Y de Nasdaq earnings (fuente)"
SBAC,SBA Communications,Real Estate,NASDAQ,True,19244383154.0,False,,False,"En screener con cap. suficiente, pero AUSENTE de Alpha Vantage Y de Nasdaq earnings (fuente)"
STX,Seagate Technology,Information Technology,NASDAQ,True,204814118026.0,False,,False,"En screener con cap. suficiente, pero AUSENTE de Alpha Vantage Y de Nasdaq earnings (fuente)"
SRE,Sempra,Utilities,NYSE,True,57007032339.0,False,,False,"En screener con cap. suficiente, pero AUSENTE de Alpha Vantage Y de Nasdaq earnings (fuente)"
SHW,Sherwin-Williams,Materials,NYSE,True,83817106796.0,False,,False,"En screener con cap. suficiente, pero AUSENTE de Alpha Vantage Y de Nasdaq earnings (fuente)"
SPG,Simon Property Group,Real Estate,NYSE,True,71378699724.0,False,,False,"En screener con cap. suficiente, pero AUSENTE de Alpha Vantage Y de Nasdaq earnings (fuente)"
SWKS,Skyworks Solutions,Information Technology,NASDAQ,True,10146379690.0,False,,False,"En screener con cap. suficiente, pero AUSENTE de Alpha Vantage Y de Nasdaq earnings (fuente)"
SW,Smurfit Westrock,Materials,NYSE,True,24809933548.0,False,,False,"En screener con cap. suficiente, pero AUSENTE de Alpha Vantage Y de Nasdaq earnings (fuente)"
SOLV,Solventum,Health Care,NYSE,True,14886065101.0,False,,False,"En screener con cap. suficiente, pero AUSENTE de Alpha Vantage Y de Nasdaq earnings (fuente)"
SO,Southern Company,Utilities,NYSE,True,105913918280.0,False,,False,"En screener con cap. suficiente, pero AUSENTE de Alpha Vantage Y de Nasdaq earnings (fuente)"
SWK,Stanley Black & Decker,Industrials,NYSE,True,14860037474.0,False,,False,"En screener con cap. suficiente, pero AUSENTE de Alpha Vantage Y de Nasdaq earnings (fuente)"
SBUX,Starbucks,Consumer Discretionary,NASDAQ,True,120851400000.0,False,,False,"En screener con cap. suficiente, pero AUSENTE de Alpha Vantage Y de Nasdaq earnings (fuente)"
STE,Steris,Health Care,NYSE,True,22658050563.0,False,,False,"En screener con cap. suficiente, pero AUSENTE de Alpha Vantage Y de Nasdaq earnings (fuente)"
SYK,Stryker Corporation,Health Care,NYSE,True,127104600253.0,False,,False,"En screener con cap. suficiente, pero AUSENTE de Alpha Vantage Y de Nasdaq earnings (fuente)"
SMCI,Supermicro,Information Technology,NASDAQ,True,22499065412.0,False,,False,"En screener con cap. suficiente, pero AUSENTE de Alpha Vantage Y de Nasdaq earnings (fuente)"
SYY,Sysco,Consumer Staples,NYSE,True,39191846552.0,False,,False,"En screener con cap. suficiente, pero AUSENTE de Alpha Vantage Y de Nasdaq earnings (fuente)"
TROW,T. Rowe Price,Financials,NASDAQ,True,23533004572.0,False,,False,"En screener con cap. suficiente, pero AUSENTE de Alpha Vantage Y de Nasdaq earnings (fuente)"
TTWO,Take-Two Interactive,Communication Services,NASDAQ,True,45324059383.0,False,,False,"En screener con cap. suficiente, pero AUSENTE de Alpha Vantage Y de Nasdaq earnings (fuente)"
TPR,"Tapestry, Inc.",Consumer Discretionary,NYSE,True,26371543332.0,False,,False,"En screener con cap. suficiente, pero AUSENTE de Alpha Vantage Y de Nasdaq earnings (fuente)"
TRGP,Targa Resources,Energy,NYSE,True,63851125123.0,False,,False,"En screener con cap. suficiente, pero AUSENTE de Alpha Vantage Y de Nasdaq earnings (fuente)"
TER,Teradyne,Information Technology,NASDAQ,True,63207001818.0,False,,False,"En screener con cap. suficiente, pero AUSENTE de Alpha Vantage Y de Nasdaq earnings (fuente)"
TPL,Texas Pacific Land Corporation,Energy,NYSE,True,25200590181.0,False,,False,"En screener con cap. suficiente, pero AUSENTE de Alpha Vantage Y de Nasdaq earnings (fuente)"
TXT,Textron,Industrials,NYSE,True,14985220078.0,False,,False,"En screener con cap. suficiente, pero AUSENTE de Alpha Vantage Y de Nasdaq earnings (fuente)"
TKO,TKO Group Holdings,Communication Services,NYSE,True,36360604564.0,False,,False,"En screener con cap. suficiente, pero AUSENTE de Alpha Vantage Y de Nasdaq earnings (fuente)"
TTD,Trade Desk (The),Communication Services,NASDAQ,True,6305792203.0,False,,False,"En screener con cap. suficiente, pero AUSENTE de Alpha Vantage Y de Nasdaq earnings (fuente)"
TT,Trane Technologies,Industrials,NYSE,True,101952139526.0,False,,False,"En screener con cap. suficiente, pero AUSENTE de Alpha Vantage Y de Nasdaq earnings (fuente)"
TDG,TransDigm Group,Industrials,NYSE,True,68199071015.0,False,,False,"En screener con cap. suficiente, pero AUSENTE de Alpha Vantage Y de Nasdaq earnings (fuente)"
TRMB,Trimble Inc.,Information Technology,NASDAQ,True,13288919538.0,False,,False,"En screener con cap. suficiente, pero AUSENTE de Alpha Vantage Y de Nasdaq earnings (fuente)"
TYL,Tyler Technologies,Information Technology,NYSE,True,13604754946.0,False,,False,"En screener con cap. suficiente, pero AUSENTE de Alpha Vantage Y de Nasdaq earnings (fuente)"
TSN,Tyson Foods,Consumer Staples,NYSE,True,20400969681.0,False,,False,"En screener con cap. suficiente, pero AUSENTE de Alpha Vantage Y de Nasdaq earnings (fuente)"
UBER,Uber,Industrials,NYSE,True,152497538634.0,False,,False,"En screener con cap. suficiente, pero AUSENTE de Alpha Vantage Y de Nasdaq earnings (fuente)"
UDR,"UDR, Inc.",Real Estate,NYSE,True,11915689994.0,False,,False,"En screener con cap. suficiente, pero AUSENTE de Alpha Vantage Y de Nasdaq earnings (fuente)"
UPS,United Parcel Service,Industrials,NYSE,True,86720166653.0,False,,False,"En screener con cap. suficiente, pero AUSENTE de Alpha Vantage Y de Nasdaq earnings (fuente)"
UHS,Universal Health Services,Health Care,NYSE,True,10201321381.0,False,,False,"En screener con cap. suficiente, pero AUSENTE de Alpha Vantage Y de Nasdaq earnings (fuente)"
VLO,Valero Energy,Energy,NYSE,True,100789007723.0,False,,False,"En screener con cap. suficiente, pero AUSENTE de Alpha Vantage Y de Nasdaq earnings (fuente)"
VTR,Ventas,Real Estate,NYSE,True,46780707941.0,False,,False,"En screener con cap. suficiente, pero AUSENTE de Alpha Vantage Y de Nasdaq earnings (fuente)"
VLTO,Veralto,Industrials,NYSE,True,23421226558.0,False,,False,"En screener con cap. suficiente, pero AUSENTE de Alpha Vantage Y de Nasdaq earnings (fuente)"
VRSK,Verisk Analytics,Industrials,NASDAQ,True,23279704306.0,False,,False,"En screener con cap. suficiente, pero AUSENTE de Alpha Vantage Y de Nasdaq earnings (fuente)"
VRTX,Vertex Pharmaceuticals,Health Care,NASDAQ,True,133875525448.0,False,,False,"En screener con cap. suficiente, pero AUSENTE de Alpha Vantage Y de Nasdaq earnings (fuente)"
VRT,Vertiv,Industrials,NYSE,True,104924676669.0,False,,False,"En screener con cap. suficiente, pero AUSENTE de Alpha Vantage Y de Nasdaq earnings (fuente)"
VTRS,Viatris,Health Care,NASDAQ,True,18572714271.0,False,,False,"En screener con cap. suficiente, pero AUSENTE de Alpha Vantage Y de Nasdaq earnings (fuente)"
VICI,Vici Properties,Real Estate,NYSE,True,28528919631.0,False,,False,"En screener con cap. suficiente, pero AUSENTE de Alpha Vantage Y de Nasdaq earnings (fuente)"
V,Visa Inc.,Financials,NYSE,True,650825590706.0,False,,False,"En screener con cap. suficiente, pero AUSENTE de Alpha Vantage Y de Nasdaq earnings (fuente)"
VST,Vistra Corp .,Utilities,NYSE,True,47163457601.0,False,,False,"En screener con cap. suficiente, pero AUSENTE de Alpha Vantage Y de Nasdaq earnings (fuente)"
VMRK,Vivmark Residential,Real Estate,NYSE,True,24007690508.0,False,,False,"En screener con cap. suficiente, pero AUSENTE de Alpha Vantage Y de Nasdaq earnings (fuente)"
VMC,Vulcan Materials Company,Materials,NYSE,True,35200064449.0,False,,False,"En screener con cap. suficiente, pero AUSENTE de Alpha Vantage Y de Nasdaq earnings (fuente)"
GWW,W. W. Grainger,Industrials,NYSE,True,61896289901.0,False,,False,"En screener con cap. suficiente, pero AUSENTE de Alpha Vantage Y de Nasdaq earnings (fuente)"
DIS,Walt Disney Company (The),Communication Services,NYSE,True,179489103463.0,False,,False,"En screener con cap. suficiente, pero AUSENTE de Alpha Vantage Y de Nasdaq earnings (fuente)"
WBD,Warner Bros. Discovery,Communication Services,NASDAQ,True,71504830383.0,False,,False,"En screener con cap. suficiente, pero AUSENTE de Alpha Vantage Y de Nasdaq earnings (fuente)"
WM,Waste Management,Industrials,NYSE,True,89368320839.0,False,,False,"En screener con cap. suficiente, pero AUSENTE de Alpha Vantage Y de Nasdaq earnings (fuente)"
WAT,Waters Corporation,Health Care,NYSE,True,39422054539.0,False,,False,"En screener con cap. suficiente, pero AUSENTE de Alpha Vantage Y de Nasdaq earnings (fuente)"
WEC,WEC Energy Group,Utilities,NYSE,True,36185573982.0,False,,False,"En screener con cap. suficiente, pero AUSENTE de Alpha Vantage Y de Nasdaq earnings (fuente)"
WELL,Welltower,Real Estate,NYSE,True,169692191263.0,False,,False,"En screener con cap. suficiente, pero AUSENTE de Alpha Vantage Y de Nasdaq earnings (fuente)"
WDC,Western Digital,Information Technology,NASDAQ,True,178885994775.0,False,,False,"En screener con cap. suficiente, pero AUSENTE de Alpha Vantage Y de Nasdaq earnings (fuente)"
WY,Weyerhaeuser,Real Estate,NYSE,True,17016576960.0,False,,False,"En screener con cap. suficiente, pero AUSENTE de Alpha Vantage Y de Nasdaq earnings (fuente)"
WMB,Williams Companies,Energy,NYSE,True,91896572171.0,False,,False,"En screener con cap. suficiente, pero AUSENTE de Alpha Vantage Y de Nasdaq earnings (fuente)"
WTW,Willis Towers Watson,Financials,NASDAQ,True,30452708142.0,False,,False,"En screener con cap. suficiente, pero AUSENTE de Alpha Vantage Y de Nasdaq earnings (fuente)"
WYNN,Wynn Resorts,Consumer Discretionary,NASDAQ,True,10430225419.0,False,,False,"En screener con cap. suficiente, pero AUSENTE de Alpha Vantage Y de Nasdaq earnings (fuente)"
XEL,Xcel Energy,Utilities,NASDAQ,True,49452298006.0,False,,False,"En screener con cap. suficiente, pero AUSENTE de Alpha Vantage Y de Nasdaq earnings (fuente)"
XYL,Xylem Inc.,Industrials,NYSE,True,26603487359.0,False,,False,"En screener con cap. suficiente, pero AUSENTE de Alpha Vantage Y de Nasdaq earnings (fuente)"
YUM,Yum! Brands,Consumer Discretionary,NYSE,True,39532451173.0,False,,False,"En screener con cap. suficiente, pero AUSENTE de Alpha Vantage Y de Nasdaq earnings (fuente)"
ZBRA,Zebra Technologies,Information Technology,NASDAQ,True,17335572037.0,False,,False,"En screener con cap. suficiente, pero AUSENTE de Alpha Vantage Y de Nasdaq earnings (fuente)"
ZBH,Zimmer Biomet,Health Care,NYSE,True,18911641864.0,False,,False,"En screener con cap. suficiente, pero AUSENTE de Alpha Vantage Y de Nasdaq earnings (fuente)"
ZTS,Zoetis,Health Care,NYSE,True,30562017604.0,False,,False,"En screener con cap. suficiente, pero AUSENTE de Alpha Vantage Y de Nasdaq earnings (fuente)"
