ticker,capitalizacion_usd,decil_sp500,ausente
MMM,93314814132.0,8,False
AOS,8271395753.0,1,True
ABT,194979589793.0,9,False
ABBV,457542007432.0,10,True
ACN,115432540615.0,8,False
ADBE,104598150000.0,8,False
AMD,790754585594.0,10,True
AES,10516085406.0,1,True
AFL,61028519666.0,6,True
A,41924197767.0,5,False
APD,67524933262.0,7,True
ABNB,109727476227.0,8,True
AKAM,16556153357.0,2,True
ALB,15660451114.0,2,True
ARE,7987508609.0,1,True
ALGN,11928301549.0,1,True
ALLE,13591429506.0,1,False
LNT,18144743236.0,2,True
ALL,66033853643.0,7,True
GOOGL,4209566000000.0,10,False
GOOG,4173854400000.0,10,False
MO,108850606536.0,8,True
AMZN,2798509056255.0,10,True
AMCR,21203173343.0,3,True
AEE,30361399337.0,4,True
AEP,68784605425.0,7,True
AXP,228605884667.0,9,False
AIG,39802628024.0,5,True
AMT,80298895072.0,7,False
AWK,27080799331.0,4,True
AMP,50532948858.0,6,False
AME,57313018388.0,6,True
AMGN,229919979086.0,10,True
APH,196747170233.0,9,True
ADI,183451591875.0,9,False
AON,72801448949.0,7,True
APA,14842641721.0,2,True
APO,79044201832.0,7,True
AAPL,4524633625400.0,10,False
AMAT,408357153632.0,10,True
APP,102824866260.0,8,True
APTV,10090979887.0,1,True
ACGL,33750972853.0,5,True
ADM,39737567618.0,5,True
ARES,46341198001.0,6,True
ANET,243643377501.0,10,True
AJG,63654668000.0,7,True
AIZ,13814107424.0,1,True
T,170624402685.0,9,False
ATO,28814238172.0,4,True
ADSK,52072690000.0,6,False
ADP,106986827701.0,8,True
AZO,50171080986.0,6,False
AVY,13468310715.0,1,True
AXON,50355011688.0,6,True
BKR,63967917135.0,7,True
BALL,16324256026.0,2,True
BAC,449144227484.0,10,False
BAX,13410876214.0,1,True
BDX,49239361836.0,6,True
BBY,18393647086.0,2,False
TECH,11307395197.0,1,True
BIIB,31405112275.0,4,True
BLK,178773329127.0,9,False
BX,105530384777.0,8,False
XYZ,47721146850.0,6,True
BNY,111227183998.0,8,False
BA,176299936661.0,9,False
BKNG,156474989125.0,9,True
BSX,73142614177.0,7,True
BMY,134921303029.0,9,True
AVGO,1807880475240.0,10,False
BR,19367742608.0,2,True
BRO,23211920465.0,3,True
BLDR,7275672422.0,1,True
BG,21970742906.0,3,True
BXP,10567998392.0,1,True
CHRW,16904871495.0,2,True
CDNS,87167392360.0,8,True
CPT,10785861468.0,1,True
COF,135868486629.0,9,False
CAH,54650644565.0,6,True
CCL,37350331475.0,5,False
CARR,50630045001.0,6,True
CVNA,71530145050.0,7,True
CASY,31639201470.0,4,False
CAT,386526823913.0,10,True
CBOE,32538138063.0,4,True
CBRE,42654441395.0,5,True
CDW,16873601987.0,2,True
COR,60326191671.0,6,True
CNC,32218353900.0,4,False
CNP,26704520476.0,4,False
CF,18118200924.0,2,True
CRL,13328215674.0,1,True
SCHW,193132212540.0,9,False
CHTR,17694815938.0,2,False
CVX,406495181913.0,10,True
CMG,42214344480.0,5,True
CB,133212833314.0,9,False
CHD,23514023301.0,3,True
CIEN,57405371988.0,6,False
CI,73590975351.0,7,True
CINF,26298463011.0,4,True
CTAS,79813818941.0,7,False
CSCO,439903522961.0,10,True
C,230899173180.0,10,False
CFG,30939646846.0,4,False
CLX,12764267578.0,1,True
CME,97640153075.0,8,False
CMS,22282791284.0,3,True
KO,382152423763.0,10,False
CTSH,26026666396.0,3,True
COHR,60008875142.0,6,True
COIN,38580873250.0,5,True
CL,72909426940.0,7,True
CMCSA,92974278213.0,8,False
FIX,61205753677.0,6,False
COP,155837497776.0,9,True
ED,40370493578.0,5,True
STZ,22371974854.0,3,False
CEG,94539837939.0,8,True
COO,14775520529.0,2,False
CPRT,29172319798.0,4,False
GLW,137735994127.0,9,True
CPAY,26711638065.0,4,True
CTVA,51981240360.0,6,True
CSGP,12715100311.0,1,False
COST,426338348225.0,10,False
CRH,62415902034.0,7,True
CRWD,216807765898.0,9,False
CCI,31496466149.0,4,False
CSX,93068339830.0,8,False
CMI,85463490174.0,8,True
CVS,121387077722.0,9,True
DHR,140301956657.0,9,False
DRI,24967104295.0,3,False
DDOG,88332455904.0,8,True
DVA,11350658000.0,1,True
DECK,12210437459.0,1,False
DE,158917560846.0,9,False
DELL,303735809982.0,10,False
DAL,56358293671.0,6,False
DVN,52613000000.0,6,True
DXCM,33811524544.0,5,True
FANG,58810714617.0,6,True
DLR,72249563364.0,7,False
DG,26655690423.0,4,False
DLTR,25074940242.0,3,False
D,60344275361.0,6,True
DPZ,11123733394.0,1,False
DASH,93744008670.0,8,True
DOV,27348166489.0,4,False
DOW,22529806776.0,3,False
DHI,40746880577.0,5,False
DTE,29176028154.0,4,True
DUK,96675274910.0,8,True
DD,18745315360.0,2,True
ETN,167528572000.0,9,True
EBAY,45510150000.0,5,True
ECHO,26144163720.0,4,True
ECL,78492008840.0,7,True
EIX,28356942113.0,4,True
EW,52440872000.0,6,False
ELV,86372532128.0,8,False
EME,36369936672.0,5,True
EMR,88009684000.0,8,True
ETR,50433532304.0,6,True
EOG,77997488471.0,7,True
EQT,33239920240.0,4,False
EFX,21363453489.0,3,False
EQIX,107067659762.0,8,True
ERIE,11868281023.0,1,True
ESS,18233598829.0,2,True
EL,30488457487.0,4,False
EG,14086353617.0,1,True
EVRG,19233913488.0,2,True
ES,27203450734.0,4,True
EXC,46771427245.0,6,True
EXE,22097036660.0,3,True
EXPE,36801269285.0,5,True
EXPD,24171756161.0,3,True
EXR,31039723461.0,4,True
XOM,680768144098.0,10,True
FFIV,22289591379.0,3,True
FDS,10150761628.0,1,False
FICO,23284842246.0,3,True
FAST,58832200568.0,6,False
FRT,10207735345.0,1,True
FDX,77691594958.0,7,False
FDXF,20817409658.0,3,False
FERG,47293385725.0,6,True
FIS,21118157301.0,3,True
FITB,51955874992.0,6,False
FSLR,23644428058.0,3,True
FE,27346523186.0,4,True
FISV,27502974810.0,4,True
FLEX,44417014075.0,5,True
F,54560238223.0,6,True
FTNT,115934094311.0,8,True
FTV,17954913741.0,2,True
FOXA,28968449785.0,4,True
FOX,25695178623.0,3,True
BEN,17269534171.0,2,True
FCX,95236682125.0,8,False
GRMN,57362058308.0,6,True
IT,11497534060.0,1,True
GE,389179323001.0,10,False
GEHC,32805972483.0,4,True
GEV,267540072122.0,10,False
GEN,16544945564.0,2,True
GNRC,12483385733.0,1,True
GD,106458845089.0,8,True
GIS,20358690294.0,2,False
GM,73451468497.0,7,False
GPC,18182323483.0,2,False
GILD,177859167433.0,9,True
GPN,23913563904.0,3,True
GL,13685349522.0,1,False
GDDY,12132850043.0,1,True
GS,302955114882.0,10,False
HAL,28876298520.0,4,False
HIG,37640373398.0,5,False
HAS,13256769453.0,1,False
HCA,89140162595.0,8,False
DOC,14093937194.0,2,True
HSIC,9944374943.0,1,True
HSY,36859811777.0,5,True
HPE,73744894084.0,7,False
HLT,73762773603.0,7,True
HD,336516909008.0,10,False
HONA,50953320071.0,6,True
HON,72170409677.0,7,False
HRL,13394666102.0,1,False
HST,15703051225.0,2,True
HWM,116709229417.0,8,True
HPQ,27399099792.0,4,False
HUBB,25563567804.0,3,True
HUM,45870677656.0,5,True
HBAN,35680525827.0,5,False
HII,12515294371.0,1,True
IBM,219206408521.0,9,False
IEX,17262250847.0,2,True
IDXX,43591167105.0,5,True
ITW,81071168000.0,7,True
INCY,25027090699.0,3,True
IR,31338713880.0,4,True
PODD,10266502078.0,1,True
INTC,510986945671.0,10,False
IBKR,41030759166.0,5,False
ICE,87678590980.0,8,True
IFF,20667147003.0,3,True
IP,21209274295.0,3,True
INTU,95850100170.0,8,False
ISRG,138195302905.0,9,False
IVZ,14295762876.0,2,True
INVH,17553322277.0,2,True
IQV,39508938000.0,5,True
IRM,37710015196.0,5,True
JBHT,25750537124.0,3,False
JBL,35483004077.0,5,False
JKHY,10879295434.0,1,False
J,16720135967.0,2,True
JNJ,653347608633.0,10,False
JCI,90667383230.0,8,True
JPM,965586135334.0,10,False
KVUE,36110541180.0,5,True
KDP,41899833710.0,5,True
KEY,24319859746.0,3,False
KEYS,58275320488.0,6,False
KMB,35825413973.0,5,True
KIM,16246518614.0,2,True
KMI,73194984665.0,7,False
KKR,96217560071.0,8,True
KLAC,254502247861.0,10,True
KHC,29432145674.0,4,True
KR,34516547868.0,5,False
LHX,52054433757.0,6,True
LH,26128798000.0,4,True
LRCX,410333182320.0,10,True
LVS,29450972836.0,4,False
LDOS,18005622147.0,2,True
LEN,20461633361.0,2,False
LII,14206165459.0,2,True
LLY,1153849595282.0,10,True
LIN,220673508929.0,9,True
LYV,42376393382.0,5,True
LMT,140129221499.0,9,False
L,22987897114.0,3,True
LOW,120910866321.0,9,False
LULU,12905201263.0,1,False
LITE,67943518000.0,7,True
LYB,21104069404.0,3,True
MTB,36320689893.0,5,False
MPC,102840836458.0,8,True
MAR,93179617691.0,8,True
MRSH,88937864017.0,8,False
MLM,31403021288.0,4,True
MRVL,189165547368.0,9,False
MAS,14469613613.0,2,True
MA,503101268641.0,10,True
MKC,14862113795.0,2,False
MCD,188933212362.0,9,True
MCK,101347338941.0,8,True
MDT,117879361547.0,8,False
MRK,333487590308.0,10,False
META,1385002709346.0,10,True
MET,61469683149.0,7,True
MTD,28044570536.0,4,True
MGM,11190558555.0,1,True
MCHP,42457849549.0,5,True
MU,1062487900735.0,10,False
MSFT,3576365474830.0,10,True
MAA,15102578143.0,2,True
MRNA,25135891571.0,3,True
TAP,7668850264.0,1,True
MDLZ,79973462852.0,7,False
MPWR,65516464740.0,7,True
MNST,139229948117.0,9,True
MCO,84138828000.0,8,False
MS,341676696825.0,10,False
MOS,6720313956.0,1,True
MSI,77699333466.0,7,True
MSCI,40913379000.0,5,False
NDAQ,54058701646.0,6,False
NTAP,40171116388.0,5,False
NFLX,323829588603.0,10,False
NEM,122207229591.0,9,False
NWSA,15901537031.0,2,True
NWS,18119852847.0,2,True
NEE,179853041180.0,9,False
NKE,59428958042.0,6,False
NI,20199071412.0,2,True
NDSN,16949956961.0,2,False
NSC,76122023693.0,7,False
NTRS,34867688349.0,5,False
NOC,83695011138.0,7,False
NCLH,8086297968.0,1,True
NRG,24291923415.0,3,True
NUE,59938284842.0,6,True
NVDA,5317708000000.0,10,False
NVR,16651031278.0,2,False
NXPI,57634643609.0,6,True
ORLY,73421281482.0,7,True
OXY,59778314786.0,6,True
ODFL,43130177376.0,5,True
OMC,23678800412.0,3,True
ON,30919136882.0,4,True
OKE,61189983576.0,6,True
ORCL,411302454090.0,10,False
OTIS,26780087999.0,4,False
PCAR,67385241283.0,7,True
PKG,22301304240.0,3,False
PLTR,412048253959.0,10,True
PANW,304924100000.0,10,False
PSKY,11701894475.0,1,True
PH,131363104380.0,9,True
PAYX,42657045400.0,5,False
PYPL,51695500616.0,6,True
PNR,10144991723.0,1,True
PEP,191262254023.0,9,False
PFE,155316105300.0,9,True
PCG,47759569039.0,6,False
PM,292427053425.0,10,False
PSX,97157602837.0,8,True
PNW,12137902985.0,1,True
PNC,101443395645.0,8,False
PPG,25077663000.0,3,True
PPL,26805647236.0,4,True
PFG,24223799083.0,3,True
PG,333439922457.0,10,True
PGR,120477671897.0,8,False
PLD,132749601520.0,9,False
PRU,42966300000.0,5,True
PEG,37680554268.0,5,True
PTC,15893997111.0,2,True
PSA,56743188395.0,6,True
PHM,23628392667.0,3,False
PWR,102563625651.0,8,True
QCOM,168236971805.0,9,True
DGX,26075706300.0,4,False
Q,27946077174.0,4,True
RL,22536981902.0,3,True
RJF,34490454782.0,5,False
RDDT,30446747708.0,4,True
RTX,303905983891.0,10,False
O,58864223833.0,6,True
REG,13951954476.0,1,True
REGN,83418249477.0,7,True
RF,27006165340.0,4,False
RSG,66439029837.0,7,True
RMD,31732622274.0,4,True
RVTY,12692953114.0,1,True
HOOD,82293000448.0,7,True
ROK,48256175198.0,6,True
ROL,17475201073.0,2,False
ROP,38983757505.0,5,False
ROST,75826230745.0,7,False
RCL,80235625200.0,7,False
SPGI,123238192000.0,9,True
CRM,160638660000.0,9,False
SNDK,240761366761.0,10,True
SBAC,19244383154.0,2,True
SLB,78971261322.0,7,False
STX,204814118026.0,9,True
SRE,57007032339.0,6,True
NOW,123552660000.0,9,False
SHW,83817106796.0,8,True
SPG,71378699724.0,7,True
SWKS,10146379690.0,1,True
SJM,12665361765.0,1,False
SW,24809933548.0,3,True
SNA,20468940238.0,3,False
SOLV,14886065101.0,2,True
SO,105913918280.0,8,True
LUV,20786456460.0,3,False
SWK,14860037474.0,2,True
SBUX,120851400000.0,8,True
STT,52707027651.0,6,False
STLD,35804789663.0,5,False
STE,22658050563.0,3,True
SYK,127104600253.0,9,True
SMCI,22499065412.0,3,True
SYF,29980397218.0,4,False
SNPS,77436153823.0,7,False
SYY,39191846552.0,5,True
TMUS,196030737276.0,9,False
TROW,23533004572.0,3,True
TTWO,45324059383.0,5,True
TPR,26371543332.0,4,True
TRGP,63851125123.0,7,True
TGT,69255060758.0,7,False
TEL,59341526343.0,6,False
TDY,30826522545.0,4,False
TER,63207001818.0,7,True
TSLA,1330484030617.0,10,False
TXN,248622550037.0,10,False
TPL,25200590181.0,3,True
TXT,14985220078.0,2,True
TMO,217795941345.0,9,False
TJX,166644665679.0,9,False
TKO,36360604564.0,5,True
TTD,6305792203.0,1,True
TSCO,18090513557.0,2,False
TT,101952139526.0,8,True
TDG,68199071015.0,7,True
TRV,76741007844.0,7,False
TRMB,13288919538.0,1,True
TFC,64025428513.0,7,False
TYL,13604754946.0,1,True
TSN,20400969681.0,2,True
USB,100946153186.0,8,False
UBER,152497538634.0,9,True
UDR,11915689994.0,1,True
ULTA,22214296566.0,3,False
UNP,177474114273.0,9,False
UAL,38534585412.0,5,False
UPS,86720166653.0,8,True
URI,69486269870.0,7,False
UNH,353589538079.0,10,False
UHS,10201321381.0,1,True
VLO,100789007723.0,8,True
VEEV,39616483940.0,5,False
VTR,46780707941.0,6,True
VLTO,23421226558.0,3,True
VRSN,24989622000.0,3,False
VRSK,23279704306.0,3,True
VZ,201672788305.0,9,False
VRTX,133875525448.0,9,True
VRT,104924676669.0,8,True
VTRS,18572714271.0,2,True
VICI,28528919631.0,4,True
V,650825590706.0,10,True
VST,47163457601.0,6,True
VMRK,24007690508.0,3,True
VMC,35200064449.0,5,True
WRB,26049035710.0,3,False
GWW,61896289901.0,7,True
WAB,49781406007.0,6,False
WMT,916770718656.0,10,False
DIS,179489103463.0,9,True
WBD,71504830383.0,7,True
WM,89368320839.0,8,True
WAT,39422054539.0,5,True
WEC,36185573982.0,5,True
WFC,264297541966.0,10,False
WELL,169692191263.0,9,True
WST,24391535352.0,3,False
WDC,178885994775.0,9,True
WY,17016576960.0,2,True
WSM,28422854429.0,4,False
WMB,91896572171.0,8,True
WTW,30452708142.0,4,True
WDAY,47086845000.0,6,False
WYNN,10430225419.0,1,True
XEL,49452298006.0,6,True
XYL,26603487359.0,4,True
YUM,39532451173.0,5,True
ZBRA,17335572037.0,2,True
ZBH,18911641864.0,2,True
ZTS,30562017604.0,4,True
